{"cameraMode":{"drawMode":0,"name":"Shaded","section":"Shading Mode"},"sceneLighting":false,"audioPlay":false,"sceneViewState":{"m_AlwaysRefresh":false,"showFog":true,"showSkybox":false,"showFlares":true,"showImageEffects":true,"showParticleSystems":true,"showVisualEffectGraphs":true,"m_FxEnabled":true},"in2DMode":false,"pivot":{"x":-0.0014705657958984376,"y":2.3873047828674318,"z":-0.00941699743270874},"rotation":{"x":-0.10840059816837311,"y":0.8909735083580017,"z":-0.2935886085033417,"w":-0.32897064089775088},"size":3.1408181190490724,"orthographic":false}